block,poolId,gaugeId,userAddress,balancer_bpt
19181967,0x7761b6e0daa04e70637d81f1da7d186c205c2ade00000000000000000000065d,-,0xa23f54e0bb57a6114d831c080823f5fe2616cf98,1016.006977848476827924
19181967,0x7761b6e0daa04e70637d81f1da7d186c205c2ade00000000000000000000065d,-,0x5a14bd3f2bf84c3690d653f1d40cfb7a8a9b3c26,401.040230750106664973
19181967,0x7761b6e0daa04e70637d81f1da7d186c205c2ade00000000000000000000065d,-,0x1adcf07389b1f6605c44a7683c50a5243829a92c,39.9606093855569484
19181967,0x7761b6e0daa04e70637d81f1da7d186c205c2ade00000000000000000000065d,-,0x4d2179a536e4faf158d63234d935643abd62a605,15.841229230241582254
19181967,0x7761b6e0daa04e70637d81f1da7d186c205c2ade00000000000000000000065d,-,0xda5930dc7c0022ecf9a084120df232c24e54ddab,5.090177681582710448
19181967,0x7761b6e0daa04e70637d81f1da7d186c205c2ade00000000000000000000065d,-,0xeed4a038efaa0824120c7dc846999f8ee8c69fda,3.395578699171560267
19181967,0x7761b6e0daa04e70637d81f1da7d186c205c2ade00000000000000000000065d,-,0x7c818d46acef870ea88137bf553594f4803872ca,3.001365003052657835
19181967,0x7761b6e0daa04e70637d81f1da7d186c205c2ade00000000000000000000065d,-,0x103b30fb440e163ce56d6152b892b6d63c932b53,2.631973063907571381
19181967,0x7761b6e0daa04e70637d81f1da7d186c205c2ade00000000000000000000065d,-,0xf9107317b0ff77ed5b7adea15e50514a3564002b,2.117538288241548942
19181967,0x7761b6e0daa04e70637d81f1da7d186c205c2ade00000000000000000000065d,-,0x5f41da6641b2e94b4cb698aa06c494d42ebcb6d0,2.100604566995998159
19181967,0x7761b6e0daa04e70637d81f1da7d186c205c2ade00000000000000000000065d,-,0x4daed30bb49317c0590f2976d6b47aa9b463a797,2.095432633968229837
19181967,0x7761b6e0daa04e70637d81f1da7d186c205c2ade00000000000000000000065d,-,0xc6160f5bc3c673ac390f11c492e8ed0d0693579a,2.039232686329348037
19181967,0x7761b6e0daa04e70637d81f1da7d186c205c2ade00000000000000000000065d,-,0x991b9d51e5526d497a576df82eaa4bea51ead16e,2.003925294785437166
19181967,0x7761b6e0daa04e70637d81f1da7d186c205c2ade00000000000000000000065d,-,0xcce44ef76c5d1a6c756066edf29de2f68bc98bba,2.002994516290341923
19181967,0x7761b6e0daa04e70637d81f1da7d186c205c2ade00000000000000000000065d,-,0xabd263d64781a01fe3d9b17f12fc95f6fccb2943,2.000496178229580114
19181967,0x7761b6e0daa04e70637d81f1da7d186c205c2ade00000000000000000000065d,-,0xc6571c2fb66825f13b7751b1c334810d397618eb,1.98874087493581304
19181967,0x7761b6e0daa04e70637d81f1da7d186c205c2ade00000000000000000000065d,-,0x8d90da9e6c5c251281b9ffa7cff230326464650f,1.523814765004797179
19181967,0x7761b6e0daa04e70637d81f1da7d186c205c2ade00000000000000000000065d,-,0x78aba2a70f2ee00b27ec6e55f478117d9229ac14,1.07333601465285026
19181967,0x7761b6e0daa04e70637d81f1da7d186c205c2ade00000000000000000000065d,-,0x2810b9bc26af8d0a97749a107246228ef84a1fa4,1.023214592192516325
19181967,0x7761b6e0daa04e70637d81f1da7d186c205c2ade00000000000000000000065d,-,0x5c89c420a9e82ea9aedbaaab03302e39982919b9,1.003340189854410409
19181967,0x7761b6e0daa04e70637d81f1da7d186c205c2ade00000000000000000000065d,-,0x55c94752b98deac4afc283dc52116179d1c8d0c6,0.997301105648289643
19181967,0x7761b6e0daa04e70637d81f1da7d186c205c2ade00000000000000000000065d,-,0xce88686553686da562ce7cea497ce749da109f9f,0.774431614080794025
19181967,0x7761b6e0daa04e70637d81f1da7d186c205c2ade00000000000000000000065d,-,0x638fb8c8f1243076d87046653877b6ebaf1ed986,0.637507104829195473
19181967,0x7761b6e0daa04e70637d81f1da7d186c205c2ade00000000000000000000065d,-,0x1cc5c8ae16b8c5857c41981cafe958d592c3ba7e,0.509682074501645532
19181967,0x7761b6e0daa04e70637d81f1da7d186c205c2ade00000000000000000000065d,-,0x0bcdb6d9b27bd62d3de605393902c7d1a2c71aab,0.401090596312984159
19181967,0x7761b6e0daa04e70637d81f1da7d186c205c2ade00000000000000000000065d,-,0x6aa9a2432c8c268967f6520b4d666c1060111405,0.338286868397648064
19181967,0x7761b6e0daa04e70637d81f1da7d186c205c2ade00000000000000000000065d,-,0xe5dcf12301406e4c70fba2507f304a98102d53e1,0.306309039163809561
19181967,0x7761b6e0daa04e70637d81f1da7d186c205c2ade00000000000000000000065d,-,0xb8e98f5edf50ecf4c353f388ba79fec1508fff6b,0.260648806339667333
19181967,0x7761b6e0daa04e70637d81f1da7d186c205c2ade00000000000000000000065d,-,0x4501aee2ac2651ecec50367f34b4f7df5c359ebc,0.239509040339967434
19181967,0x7761b6e0daa04e70637d81f1da7d186c205c2ade00000000000000000000065d,-,0x159579f8d5880aa25449274fd612cd9f93411939,0.199662652276966279
19181967,0x7761b6e0daa04e70637d81f1da7d186c205c2ade00000000000000000000065d,-,0x49de5fb13f195192baaa83af6ef8d31f75b2b165,0.19932860030734798
19181967,0x7761b6e0daa04e70637d81f1da7d186c205c2ade00000000000000000000065d,-,0xd1d34907a5239cb4ffcc939eed6d0262363211da,0.199193190774921155
19181967,0x7761b6e0daa04e70637d81f1da7d186c205c2ade00000000000000000000065d,-,0xc1b121274b54d0fdfc31244a7f68e8619ae2eb3e,0.198939274996974751
19181967,0x7761b6e0daa04e70637d81f1da7d186c205c2ade00000000000000000000065d,-,0x178e1a232be1cb2eea82d091215268c4215335ca,0.153475871979633719
19181967,0x7761b6e0daa04e70637d81f1da7d186c205c2ade00000000000000000000065d,-,0x9522674f5c71086d45aa396429f008f1a981b685,0.139152222373543912
19181967,0x7761b6e0daa04e70637d81f1da7d186c205c2ade00000000000000000000065d,-,0x97a4bef49cf84c1ccfbfee92fc8d5a8b8f0791a2,0.12430180852366715
19181967,0x7761b6e0daa04e70637d81f1da7d186c205c2ade00000000000000000000065d,-,0x2b5d8c0b9fb17e3c3b56fee12212c8e40ce4f1f2,0.119758373825128432
19181967,0x7761b6e0daa04e70637d81f1da7d186c205c2ade00000000000000000000065d,-,0xa0997b700b18542fb08dbfba2ccd7a2b4828709f,0.119374378520048763
19181967,0x7761b6e0daa04e70637d81f1da7d186c205c2ade00000000000000000000065d,-,0x052773cde25b31348ad0f81fce38c84475836ee9,0.104654478896978868
19181967,0x7761b6e0daa04e70637d81f1da7d186c205c2ade00000000000000000000065d,-,0x4d298b07105cbd07910a88e0f919b4153b2af8d7,0.101996861031832281
19181967,0x7761b6e0daa04e70637d81f1da7d186c205c2ade00000000000000000000065d,-,0x44f8cd4e5162cd01650ad91a39a58e68a3258b88,0.101796606846571464
19181967,0x7761b6e0daa04e70637d81f1da7d186c205c2ade00000000000000000000065d,-,0xf3f9bd773db32993e83d9dde5284fc1cad4d3144,0.101795042392064546
19181967,0x7761b6e0daa04e70637d81f1da7d186c205c2ade00000000000000000000065d,-,0xa70f44b251e35b2959c409e9504d1f409f5beb60,0.101698038761713467
19181967,0x7761b6e0daa04e70637d81f1da7d186c205c2ade00000000000000000000065d,-,0xebf5b95bb7ada3c28025cfefe18637a7940843c2,0.101696475174248456
19181967,0x7761b6e0daa04e70637d81f1da7d186c205c2ade00000000000000000000065d,-,0x74d1c8cc3a71c8d9c26eacb39855d830a2fcea26,0.10163540608362636
19181967,0x7761b6e0daa04e70637d81f1da7d186c205c2ade00000000000000000000065d,-,0xef18d9ddf7f0eb148567aa3c523539b456773d57,0.101512520268143994
19181967,0x7761b6e0daa04e70637d81f1da7d186c205c2ade00000000000000000000065d,-,0x356071a30df8c1701c06d3c48900bd75fc049924,0.101504699258188275
19181967,0x7761b6e0daa04e70637d81f1da7d186c205c2ade00000000000000000000065d,-,0xa7a4c1a995e8b569c78168b602d4f23485a5b2aa,0.099788839864775098
19181967,0x7761b6e0daa04e70637d81f1da7d186c205c2ade00000000000000000000065d,-,0x4ac42553e51fb488111a3300a933f5ac81f7ed47,0.099740836638025111
19181967,0x7761b6e0daa04e70637d81f1da7d186c205c2ade00000000000000000000065d,-,0x77273fd33ee979f062cbd7f198ff568d22b7c135,0.064992553087762321
19181967,0x7761b6e0daa04e70637d81f1da7d186c205c2ade00000000000000000000065d,-,0xf6e96cac88a7ee5b7f9a95be251554b6fd151fa2,0.024907033684545932
19181967,0x7761b6e0daa04e70637d81f1da7d186c205c2ade00000000000000000000065d,-,0x3cb673783b7f383afc87d9e39e9b44f86cfd1b08,0.023706748698577142
19181967,0x7761b6e0daa04e70637d81f1da7d186c205c2ade00000000000000000000065d,-,0x0000000000000000000000000000000000000000,0.000000000001
19181967,0x05ff47afada98a98982113758878f9a8b9fdda0a000000000000000000000645,-,0x857ab110153ad57240ab920e93bfb549c045af55,50.906206278659969249
19181967,0x05ff47afada98a98982113758878f9a8b9fdda0a000000000000000000000645,-,0x9779243e962f20d65d6cc9e5e5fdfdee4a8088cd,45.378067887652303405
19181967,0x05ff47afada98a98982113758878f9a8b9fdda0a000000000000000000000645,-,0xd6ec022ec5a8c7e4ad24145b45d085d337cb2f6e,20.51982655627310719
19181967,0x05ff47afada98a98982113758878f9a8b9fdda0a000000000000000000000645,-,0x2b44d9764fbbd2b07fbc48212aee4da331806062,16.028621326615872608
19181967,0x05ff47afada98a98982113758878f9a8b9fdda0a000000000000000000000645,-,0x4d2179a536e4faf158d63234d935643abd62a605,15.965685825695940536
19181967,0x05ff47afada98a98982113758878f9a8b9fdda0a000000000000000000000645,-,0x51bc9862ad17023fa88435f51fcaa6e677b2ca97,9.968840369782145133
19181967,0x05ff47afada98a98982113758878f9a8b9fdda0a000000000000000000000645,-,0x3fcab7343a2ccbc463200d7b19ea8c5e5766a676,9.409605820603219943
19181967,0x05ff47afada98a98982113758878f9a8b9fdda0a000000000000000000000645,-,0xea95f59cc3186ae725187d1be022817b2b00781e,7.881027049878274405
19181967,0x05ff47afada98a98982113758878f9a8b9fdda0a000000000000000000000645,-,0xcce44ef76c5d1a6c756066edf29de2f68bc98bba,5.104884404922217642
19181967,0x05ff47afada98a98982113758878f9a8b9fdda0a000000000000000000000645,-,0xeffd5b1ffe1e3c1505d4b6bb6c62fa13945aff84,4.989353351900683078
19181967,0x05ff47afada98a98982113758878f9a8b9fdda0a000000000000000000000645,-,0x143869b4f47e67e4cc87cc4574f19e3087d3e9ac,4.988627351882157109
19181967,0x05ff47afada98a98982113758878f9a8b9fdda0a000000000000000000000645,-,0xcf37d588673db3642d8ca0dd09cbd75e3296f255,4.984202001334717279
19181967,0x05ff47afada98a98982113758878f9a8b9fdda0a000000000000000000000645,-,0x3bdddb5bc0ea5c674dfd2393f7def28c56014ad3,4.982615557521782686
19181967,0x05ff47afada98a98982113758878f9a8b9fdda0a000000000000000000000645,-,0xe0d13e1a562c06d5d5b90d11d11c5b4d7d7a56c7,4.98158941150657552
19181967,0x05ff47afada98a98982113758878f9a8b9fdda0a000000000000000000000645,-,0x20ec22534931e6d76acdd228551b9cc0c33e4540,4.237476516219532171
19181967,0x05ff47afada98a98982113758878f9a8b9fdda0a000000000000000000000645,-,0xaf078412a621f552d7609f021b48b7eaee059e0f,4.183217906212373455
19181967,0x05ff47afada98a98982113758878f9a8b9fdda0a000000000000000000000645,-,0x9902ffdc94bfd6572a4d6d813e1cc8f86f2965b5,3.99056906799631125
19181967,0x05ff47afada98a98982113758878f9a8b9fdda0a000000000000000000000645,-,0xa6fe44ccc5cf993d30d3e31fdb34a7e894e952d4,3.987234675315367547
19181967,0x05ff47afada98a98982113758878f9a8b9fdda0a000000000000000000000645,-,0xbd948a68fb3ba0104480c6f50e17d39147a8b616,3.188229745209915149
19181967,0x05ff47afada98a98982113758878f9a8b9fdda0a000000000000000000000645,-,0xc6a2e59fcf3f6f7524aab52d019b5aaaa69991a1,3.169511424857405158
19181967,0x05ff47afada98a98982113758878f9a8b9fdda0a000000000000000000000645,-,0x75b9fb460563aea822d3eccc51c46932c5c5fe5d,3.04181595715186634
19181967,0x05ff47afada98a98982113758878f9a8b9fdda0a000000000000000000000645,-,0xeed4a038efaa0824120c7dc846999f8ee8c69fda,2.991944768695812305
19181967,0x05ff47afada98a98982113758878f9a8b9fdda0a000000000000000000000645,-,0x7a12f8072667a18092e90fc6485d468caaa2179f,2.990776351015521819
19181967,0x05ff47afada98a98982113758878f9a8b9fdda0a000000000000000000000645,-,0x47e79c01438cead0ab17e736f034e05a53ff2a0d,2.990412131047258072
19181967,0x05ff47afada98a98982113758878f9a8b9fdda0a000000000000000000000645,-,0x4f8a7f86bb32661b9fdaea933d448f721ad3b953,2.938309886869090859
19181967,0x05ff47afada98a98982113758878f9a8b9fdda0a000000000000000000000645,-,0x2300fc9125068fcb4a9454ca44df7384c3edb0e3,2.913714611404097238
19181967,0x05ff47afada98a98982113758878f9a8b9fdda0a000000000000000000000645,-,0x2fe6bb6b95daa1689d33f019431545951ac01986,2.712131321397873021
19181967,0x05ff47afada98a98982113758878f9a8b9fdda0a000000000000000000000645,-,0xafe350c76d31b73b5901eaccb86f2834c5ec0a3b,2.491915841041449075
19181967,0x05ff47afada98a98982113758878f9a8b9fdda0a000000000000000000000645,-,0x4bf1c916af61e931d638151c45debc90aaf1b2a3,2.395779758495983684
19181967,0x05ff47afada98a98982113758878f9a8b9fdda0a000000000000000000000645,-,0x9cd9bff6cff2f370dd3ed46f3b340ca10b40009d,2.055425335495467068
19181967,0x05ff47afada98a98982113758878f9a8b9fdda0a000000000000000000000645,-,0x2cf4f181d22be14b1b600ce3498b61f4a2d1898d,2.036731006220637128
19181967,0x05ff47afada98a98982113758878f9a8b9fdda0a000000000000000000000645,-,0x4c6d39e3448321cdd8b3d654e34b11274a9b958f,2.003798739283538771
19181967,0x05ff47afada98a98982113758878f9a8b9fdda0a000000000000000000000645,0xc859bf9d7b8c557bbd229565124c2c09269f3aef,0x05ef7c00a9c93037850bad234d8f5be858203088,6.130862040926203
19181967,0x05ff47afada98a98982113758878f9a8b9fdda0a000000000000000000000645,-,0xb18da1b7ae1a53676eab1213cbdac1eaf0e84654,2.000813064485381552
19181967,0x05ff47afada98a98982113758878f9a8b9fdda0a000000000000000000000645,-,0xc167372a2e6a0d6e04dacb506ea4d1051a540b97,1.995581255115398313
19181967,0x05ff47afada98a98982113758878f9a8b9fdda0a000000000000000000000645,-,0x3eae3466e9c40442d6a40689d28e4a20be2e4def,1.994626982356252271
19181967,0x05ff47afada98a98982113758878f9a8b9fdda0a000000000000000000000645,-,0xe77f0b860d35ab89ab8c5dabe3cb293720c6b8ca,1.993018348408249967
19181967,0x05ff47afada98a98982113758878f9a8b9fdda0a000000000000000000000645,-,0xf2976c06382b2f9538b2f40fcdf0bb21eac53ca7,1.991762291835261856
19181967,0x05ff47afada98a98982113758878f9a8b9fdda0a000000000000000000000645,-,0xc2e7577c951a550766e7665eb190cd8721835d59,1.991761642247354688
19181967,0x05ff47afada98a98982113758878f9a8b9fdda0a000000000000000000000645,-,0x55e06688f9a18be5eabd00fc5e6971ee553b9354,1.984904982060752119
19181967,0x05ff47afada98a98982113758878f9a8b9fdda0a000000000000000000000645,-,0xce88686553686da562ce7cea497ce749da109f9f,1.959607336704379202
19181967,0x05ff47afada98a98982113758878f9a8b9fdda0a000000000000000000000645,-,0x18a4e9b06065c447f68c05c213a0670f92f60c7f,1.914165392014323493
19181967,0x05ff47afada98a98982113758878f9a8b9fdda0a000000000000000000000645,-,0x6e75160946933f4b8091abbd33585834f0e438e2,1.794033698138044098
19181967,0x05ff47afada98a98982113758878f9a8b9fdda0a000000000000000000000645,-,0xda32af5b7ae685e58ea42d89865b514badb33c88,1.694236421578396995
19181967,0x05ff47afada98a98982113758878f9a8b9fdda0a000000000000000000000645,-,0x65e9c2cbc5f9a105fa46ec298cca021faecd87d5,1.549089305287467446
19181967,0x05ff47afada98a98982113758878f9a8b9fdda0a000000000000000000000645,-,0xfaceaceb5fcaacee218e3aceb8296e6cb89f4151,1.506312777828759301
19181967,0x05ff47afada98a98982113758878f9a8b9fdda0a000000000000000000000645,-,0x3b8fccc2e86dba329397508c084a663f77f5f6e2,1.49638174100925003
19181967,0x05ff47afada98a98982113758878f9a8b9fdda0a000000000000000000000645,-,0x4bcd2ecc20985645df1266a364f9daef82b83c08,1.495050436268185294
19181967,0x05ff47afada98a98982113758878f9a8b9fdda0a000000000000000000000645,-,0x9f0d7a4f22dd84fe904214bdc64f8933b027d181,1.456896956332123833
19181967,0x05ff47afada98a98982113758878f9a8b9fdda0a000000000000000000000645,-,0x488903c087790b2a6b48def601b57ae1f0751beb,1.428231096263980676
19181967,0x05ff47afada98a98982113758878f9a8b9fdda0a000000000000000000000645,-,0xc351a476c0e1d3146085fde605aa096b15abb7a6,1.423133446803388852
19181967,0x05ff47afada98a98982113758878f9a8b9fdda0a000000000000000000000645,-,0xf02834974fb24a2253c13eae353500d67c114fe6,1.38581350829679099
19181967,0x05ff47afada98a98982113758878f9a8b9fdda0a000000000000000000000645,-,0x3a0d39a651dff2f75ae2f17a1a0d170ce70bbe1e,1.341875608664791753
19181967,0x05ff47afada98a98982113758878f9a8b9fdda0a000000000000000000000645,-,0x2aaec1cb5c64011ac58d4c199ca38e332e2548a2,1.335076817811668673
19181967,0x05ff47afada98a98982113758878f9a8b9fdda0a000000000000000000000645,-,0x34c739df7cd032b9c96107316ecff32fabddd5e5,1.325807913531449274
19181967,0x05ff47afada98a98982113758878f9a8b9fdda0a000000000000000000000645,-,0x9385708b96b89fe5db9c20ef8bdfa76463faf635,1.190976482685219617
19181967,0x05ff47afada98a98982113758878f9a8b9fdda0a000000000000000000000645,-,0x66a29cea27e89424bc1e42ea92da5a4d0c476887,1.156776989493425565
19181967,0x05ff47afada98a98982113758878f9a8b9fdda0a000000000000000000000645,-,0x3b062782b31d7944fbe1288e04c7f4c629d08570,1.146411472724927035
19181967,0x05ff47afada98a98982113758878f9a8b9fdda0a000000000000000000000645,-,0xba6f4caaa76c4d2f7a36745d1d104de97b767265,1.11549783282100046
19181967,0x05ff47afada98a98982113758878f9a8b9fdda0a000000000000000000000645,-,0x99767f5cafb082975f1283b7009c2a8aa052c71d,1.112579506979478864
19181967,0x05ff47afada98a98982113758878f9a8b9fdda0a000000000000000000000645,-,0xe6d1fa93606d0cfcb787ac4e438e457563345d5b,1.088861506987353971
19181967,0x05ff47afada98a98982113758878f9a8b9fdda0a000000000000000000000645,-,0x57323630d832e134dfc1aebdd7d125e2bcfd19fb,1.048287505192606354
19181967,0x05ff47afada98a98982113758878f9a8b9fdda0a000000000000000000000645,-,0x84b4fc4818b865cae1bc241ebfcc930d9bddee02,1.047430330758577372
19181967,0x05ff47afada98a98982113758878f9a8b9fdda0a000000000000000000000645,-,0xe9af923d51866fa18606eafb705033f1680663f8,1.046678087900687452
19181967,0x05ff47afada98a98982113758878f9a8b9fdda0a000000000000000000000645,-,0xda95990ca02e43a593d688b8b860795602f4c58a,1.046295860269351559
19181967,0x05ff47afada98a98982113758878f9a8b9fdda0a000000000000000000000645,-,0x0c5992211cb6f3e33f29abbc2cf8d82b646158ef,1.046234923446571436
19181967,0x05ff47afada98a98982113758878f9a8b9fdda0a000000000000000000000645,-,0xcb19c1e863eaa9f62d20fedf34cb1fccf88cc5f2,1.045888516824969586
19181967,0x05ff47afada98a98982113758878f9a8b9fdda0a000000000000000000000645,-,0xd0319771f95375b161006fb2481fde74eb80ccf4,1.045778482891294905
19181967,0x05ff47afada98a98982113758878f9a8b9fdda0a000000000000000000000645,-,0xfc30541786ab59716fe0ffa6938b27a59a38cfea,1.040753002323393696
19181967,0x05ff47afada98a98982113758878f9a8b9fdda0a000000000000000000000645,-,0x49bd20ff161067b6429f02ee9e67ff68f55f4ac9,1.027023928096736091
19181967,0x05ff47afada98a98982113758878f9a8b9fdda0a000000000000000000000645,-,0xa39cc26da0eb859d5b3d57137547415086198dad,1.025270950630963131
19181967,0x05ff47afada98a98982113758878f9a8b9fdda0a000000000000000000000645,-,0x475f65183956d3e7239c0cfd7b1a619b69c4c948,1.007888471281887589
19181967,0x05ff47afada98a98982113758878f9a8b9fdda0a000000000000000000000645,-,0x5dffe87e74ba0428c18827f2d91f89b982f8b3c9,1.007665411801918223
19181967,0x05ff47afada98a98982113758878f9a8b9fdda0a000000000000000000000645,-,0xc5d1d6686b1b9bace2f7291c5a6a0309348c466a,1.006373171362044201
19181967,0x05ff47afada98a98982113758878f9a8b9fdda0a000000000000000000000645,-,0xfc79919ea16fc6e8b48a2dd309ab8eb87d17605f,1.006231356575344658
19181967,0x05ff47afada98a98982113758878f9a8b9fdda0a000000000000000000000645,-,0x35e8b11f43c74631c4ff26da5b9a6a09956d02cf,1.006134437637335539
19181967,0x05ff47afada98a98982113758878f9a8b9fdda0a000000000000000000000645,-,0x9d6f996caf7f908eac8fe5cca3d7bcc22f0b96e6,1.001064669697099886
19181967,0x05ff47afada98a98982113758878f9a8b9fdda0a000000000000000000000645,-,0x4501aee2ac2651ecec50367f34b4f7df5c359ebc,1.000535709326592693
19181967,0x05ff47afada98a98982113758878f9a8b9fdda0a000000000000000000000645,-,0x1bd158d832490d69d710d88c38df028a8ac46e09,1.000173498631417444
19181967,0x05ff47afada98a98982113758878f9a8b9fdda0a000000000000000000000645,-,0x0a335391047f06bd67af434314614b39c70499eb,0.999412036525057993
19181967,0x05ff47afada98a98982113758878f9a8b9fdda0a000000000000000000000645,-,0xe80bc65057031abe75ec092f1b2327b4c0572ba1,0.998330209715284289
19181967,0x05ff47afada98a98982113758878f9a8b9fdda0a000000000000000000000645,-,0xab32d2ab0622845512049afa056752811a0df772,0.998194977819889907
19181967,0x05ff47afada98a98982113758878f9a8b9fdda0a000000000000000000000645,-,0xfd9b76bbda549fbd4ef2baad36a9f1e27e46f0f4,0.998025349534352155
19181967,0x05ff47afada98a98982113758878f9a8b9fdda0a000000000000000000000645,-,0x0ad3b7ffd230736fe2ea6937bb0b1bace7651e1c,0.997985382174651851
19181967,0x05ff47afada98a98982113758878f9a8b9fdda0a000000000000000000000645,-,0xabe3c6237efddd430c13c30a1aace377fdbeead6,0.997970685401718762
19181967,0x05ff47afada98a98982113758878f9a8b9fdda0a000000000000000000000645,-,0x3fd78bea07849b766742180198523982ed30112a,0.997840871609829541
19181967,0x05ff47afada98a98982113758878f9a8b9fdda0a000000000000000000000645,-,0x0c3bdab3623db1ef914533b2581d94fe875b6076,0.997827480379780793
19181967,0x05ff47afada98a98982113758878f9a8b9fdda0a000000000000000000000645,-,0x5e853aa8c28c30f5d0edbea9dd8395a49aee72d0,0.997793385771857833
19181967,0x05ff47afada98a98982113758878f9a8b9fdda0a000000000000000000000645,-,0x64458081f019859c7e35d9a78360bbd9bd9d419f,0.997735184522903104
19181967,0x05ff47afada98a98982113758878f9a8b9fdda0a000000000000000000000645,-,0xddcb71e4787241fe6312fd2db7979b8e754fbd66,0.997670783943469744
19181967,0x05ff47afada98a98982113758878f9a8b9fdda0a000000000000000000000645,-,0xbf77fd028bbf9bcc83bda6e082ef60e563346545,0.997649810583551146
19181967,0x05ff47afada98a98982113758878f9a8b9fdda0a000000000000000000000645,-,0x7df99e0640c0117d570285b38290b2ce5802d936,0.997648947751483127
19181967,0x05ff47afada98a98982113758878f9a8b9fdda0a000000000000000000000645,-,0xedf1086b81f979354fc2ea07260eb83f5852eb15,0.997509437211499586
19181967,0x05ff47afada98a98982113758878f9a8b9fdda0a000000000000000000000645,-,0x0e78d00950377ab5a877190506e3c06a3f62679a,0.997335462230186451
19181967,0x05ff47afada98a98982113758878f9a8b9fdda0a000000000000000000000645,-,0x45c2188ec89cce1f0d08b41ffe6c7efb7e72479f,0.997270921041266918
19181967,0x05ff47afada98a98982113758878f9a8b9fdda0a000000000000000000000645,-,0x9effeb8905fd36954d035870c682b17df14287f6,0.997263094293076006
19181967,0x05ff47afada98a98982113758878f9a8b9fdda0a000000000000000000000645,-,0xba3d0dc35a43e74cab4c33d2c1cb1857a51336be,0.996936935066222939
19181967,0x05ff47afada98a98982113758878f9a8b9fdda0a000000000000000000000645,-,0xe124dca70a62e19355d10b12ec3a51e364602311,0.996739294066348037
19181967,0x05ff47afada98a98982113758878f9a8b9fdda0a000000000000000000000645,-,0xbecaa760412db589be0cf5028ed3ab89e9e38826,0.996737802145406375
19181967,0xdedb11a6a23263469567c2881a9b9f8629ee0041000000000000000000000669,-,0x2dd568028682ff2961cc341a4849f1b32f371064,159.837093689093240867
19181967,0xdedb11a6a23263469567c2881a9b9f8629ee0041000000000000000000000669,-,0xd98ed0426d18b115d6388923803e33ad8aaf11f8,99.217806175615078195
19181967,0xdedb11a6a23263469567c2881a9b9f8629ee0041000000000000000000000669,-,0xce88686553686da562ce7cea497ce749da109f9f,0.207649928041234056
19181967,0xdedb11a6a23263469567c2881a9b9f8629ee0041000000000000000000000669,-,0x854b004700885a61107b458f11ecc169a019b764,0.011565779041140859
19181967,0xdedb11a6a23263469567c2881a9b9f8629ee0041000000000000000000000669,-,0x0000000000000000000000000000000000000000,0.000000000001
19181967,0x05ff47afada98a98982113758878f9a8b9fdda0a000000000000000000000645,0xc859bf9d7b8c557bbd229565124c2c09269f3aef,0xaf52695e1bb01a16d33d7194c28c42b10e0dbec2,1351.086074706108671821
19181967,0x05ff47afada98a98982113758878f9a8b9fdda0a000000000000000000000645,0xc859bf9d7b8c557bbd229565124c2c09269f3aef,0xdaae4350fe54feb7fbbb96760dd68e6d1944c49a,275.823381383660759181
19181967,0x05ff47afada98a98982113758878f9a8b9fdda0a000000000000000000000645,0xc859bf9d7b8c557bbd229565124c2c09269f3aef,0x0a0ae914771ec0a5851049864ccc27b1baa8cd43,50.427845146083686334
19181967,0x05ff47afada98a98982113758878f9a8b9fdda0a000000000000000000000645,0xc859bf9d7b8c557bbd229565124c2c09269f3aef,0x9a62912d6ad1748604f3ef6a78ec54cf53b5a05a,35.505271481036210201
19181967,0x05ff47afada98a98982113758878f9a8b9fdda0a000000000000000000000645,0xc859bf9d7b8c557bbd229565124c2c09269f3aef,0x5980a9b603711d7545a3d35698afddf3c388ed97,30.935735620017349982
19181967,0x05ff47afada98a98982113758878f9a8b9fdda0a000000000000000000000645,0xc859bf9d7b8c557bbd229565124c2c09269f3aef,0xa4013e1089e0e954d6433545f3413d0a4aba96a3,30.701511959912496269
19181967,0x05ff47afada98a98982113758878f9a8b9fdda0a000000000000000000000645,0xc859bf9d7b8c557bbd229565124c2c09269f3aef,0x4e6c81e5b8a954f9b2a0ccfaefc7442875761701,25.669999621130955757
19181967,0x05ff47afada98a98982113758878f9a8b9fdda0a000000000000000000000645,0xc859bf9d7b8c557bbd229565124c2c09269f3aef,0xf02b7d6bb67cc7aa8453f0a4bad19b02a2de957e,21.462307075664804712
19181967,0x05ff47afada98a98982113758878f9a8b9fdda0a000000000000000000000645,0xc859bf9d7b8c557bbd229565124c2c09269f3aef,0xdac51643888be5414f0272b9feef97edf723203a,19.936842638024020762
19181967,0x05ff47afada98a98982113758878f9a8b9fdda0a000000000000000000000645,0xc859bf9d7b8c557bbd229565124c2c09269f3aef,0xa8b047ed607117b6876c4db8205be8b471071b5c,19.93662245936239051
19181967,0x05ff47afada98a98982113758878f9a8b9fdda0a000000000000000000000645,0xc859bf9d7b8c557bbd229565124c2c09269f3aef,0x1a7cc522f11380016df1c3dd5e4689c39cf54618,19.935600565341105168
19181967,0x05ff47afada98a98982113758878f9a8b9fdda0a000000000000000000000645,0xc859bf9d7b8c557bbd229565124c2c09269f3aef,0xa8335707df53fd16769c32d1829c3c4778c78e3a,15.807256134788873113
19181967,0x05ff47afada98a98982113758878f9a8b9fdda0a000000000000000000000645,0xc859bf9d7b8c557bbd229565124c2c09269f3aef,0xbbced90faac4490bf5e958aa45b06c43d2aa1048,15.573545923981629879
19181967,0x05ff47afada98a98982113758878f9a8b9fdda0a000000000000000000000645,0xc859bf9d7b8c557bbd229565124c2c09269f3aef,0x35248f3e4f2070908cba885a5198ae8894fc5128,15.066111497341365112
19181967,0x05ff47afada98a98982113758878f9a8b9fdda0a000000000000000000000645,0xc859bf9d7b8c557bbd229565124c2c09269f3aef,0x869a1d808a3038e2d1c69f1a3dc34ff7d43ea3e4,14.961181275535031478
19181967,0x05ff47afada98a98982113758878f9a8b9fdda0a000000000000000000000645,0xc859bf9d7b8c557bbd229565124c2c09269f3aef,0x0143bd780dab8a7302141c3fdb8ebade1fb56f92,13.223606536443882039
19181967,0x05ff47afada98a98982113758878f9a8b9fdda0a000000000000000000000645,0xc859bf9d7b8c557bbd229565124c2c09269f3aef,0x64a25876f890b943cd19c628f337e656c2a7ac29,12.028151042814815799
19181967,0x05ff47afada98a98982113758878f9a8b9fdda0a000000000000000000000645,0xc859bf9d7b8c557bbd229565124c2c09269f3aef,0x2f38aca175c72412d931e4407b34a01fea77539a,11.193334378788596838
19181967,0x05ff47afada98a98982113758878f9a8b9fdda0a000000000000000000000645,0xc859bf9d7b8c557bbd229565124c2c09269f3aef,0x86026b3865271fa6cb03c71081a23ddce8e3e1f1,11.132723440400012518
19181967,0x05ff47afada98a98982113758878f9a8b9fdda0a000000000000000000000645,0xc859bf9d7b8c557bbd229565124c2c09269f3aef,0xcdc8fe1b780cf806b462324beb5e08f3d013eaf4,11.062873605482253561
19181967,0x05ff47afada98a98982113758878f9a8b9fdda0a000000000000000000000645,0xc859bf9d7b8c557bbd229565124c2c09269f3aef,0xaaac34d30d6938787c653aafb922bc20bfa9c512,10.198163767083622318
19181967,0x05ff47afada98a98982113758878f9a8b9fdda0a000000000000000000000645,0xc859bf9d7b8c557bbd229565124c2c09269f3aef,0x43d0fc891363df86d88190ae64039d4c7cb3fa5b,10.058457813407070638
19181967,0x05ff47afada98a98982113758878f9a8b9fdda0a000000000000000000000645,0xc859bf9d7b8c557bbd229565124c2c09269f3aef,0x10d9daae3c292cc92f8f76c747826d33e7781101,9.960950383424082367
19181967,0x05ff47afada98a98982113758878f9a8b9fdda0a000000000000000000000645,0xc859bf9d7b8c557bbd229565124c2c09269f3aef,0x4e433e2515db1e3c29d99098f3cc8607fb8db54d,9.937171748348354239
19181967,0x05ff47afada98a98982113758878f9a8b9fdda0a000000000000000000000645,0xc859bf9d7b8c557bbd229565124c2c09269f3aef,0xe15089af07658625e34852ea25b74e290f79d8bd,9.528678066763283109
19181967,0x05ff47afada98a98982113758878f9a8b9fdda0a000000000000000000000645,0xc859bf9d7b8c557bbd229565124c2c09269f3aef,0x86b7384c05c9dd4b6238e50fcbcc5632d0de9277,8.350972198383590188
19181967,0x05ff47afada98a98982113758878f9a8b9fdda0a000000000000000000000645,0xc859bf9d7b8c557bbd229565124c2c09269f3aef,0x313e783928a7e63139e50fe426f24acde21bfc9e,8.282132606620786115
19181967,0x05ff47afada98a98982113758878f9a8b9fdda0a000000000000000000000645,0xc859bf9d7b8c557bbd229565124c2c09269f3aef,0x919cf1892cdd97c068e0dfc9ca44f84b543a00f2,8.183036937930691241
19181967,0x05ff47afada98a98982113758878f9a8b9fdda0a000000000000000000000645,0xc859bf9d7b8c557bbd229565124c2c09269f3aef,0xbb8eab8da7792cf59ad2c053d6b49b4636a507dc,8.080795175952625964
19181967,0x05ff47afada98a98982113758878f9a8b9fdda0a000000000000000000000645,0xc859bf9d7b8c557bbd229565124c2c09269f3aef,0x9c6c9ac7ca192a46405cc7875385763223ce62ad,7.972670155766584937
19181967,0x05ff47afada98a98982113758878f9a8b9fdda0a000000000000000000000645,0xc859bf9d7b8c557bbd229565124c2c09269f3aef,0xb75fdb88ca27931620eef02b73c1191c84ab920a,7.226609961810345328
19181967,0x05ff47afada98a98982113758878f9a8b9fdda0a000000000000000000000645,0xc859bf9d7b8c557bbd229565124c2c09269f3aef,0x1c0cd21e168c41d954c1f10c14f1df6ecf951fba,6.438256811536729428
19181967,0x05ff47afada98a98982113758878f9a8b9fdda0a000000000000000000000645,0xc859bf9d7b8c557bbd229565124c2c09269f3aef,0x93a208b0d7007f5733ea23f65bacf101be8ac6cd,5.470766585892720995
19181967,0x05ff47afada98a98982113758878f9a8b9fdda0a000000000000000000000645,0xc859bf9d7b8c557bbd229565124c2c09269f3aef,0x5a089c72cf4de3211bc9bb9e06c5076e37c2e76c,5.380959376497606864
19181967,0x05ff47afada98a98982113758878f9a8b9fdda0a000000000000000000000645,0xc859bf9d7b8c557bbd229565124c2c09269f3aef,0xbc5d814e37b94cdeb583362f97bd8c423a66c5a9,5.182740442835042184
19181967,0x05ff47afada98a98982113758878f9a8b9fdda0a000000000000000000000645,0xc859bf9d7b8c557bbd229565124c2c09269f3aef,0x19f9bab2b157d7951164abd7e8061e15f11db54a,5.105087789848636775
19181967,0x05ff47afada98a98982113758878f9a8b9fdda0a000000000000000000000645,0xc859bf9d7b8c557bbd229565124c2c09269f3aef,0x9e09dc51ad3b33464093f5505b81bc96e2eccde0,5.057493058587905248
19181967,0x05ff47afada98a98982113758878f9a8b9fdda0a000000000000000000000645,0xc859bf9d7b8c557bbd229565124c2c09269f3aef,0xd648b2a801cff119954154412e88bc53593fd557,5.027840475479019598
19181967,0x05ff47afada98a98982113758878f9a8b9fdda0a000000000000000000000645,0xc859bf9d7b8c557bbd229565124c2c09269f3aef,0xdb1ed3c680ed6b7cbfb8e733659f507935dff0ce,5.006199557021866688
19181967,0x05ff47afada98a98982113758878f9a8b9fdda0a000000000000000000000645,0xc859bf9d7b8c557bbd229565124c2c09269f3aef,0x00f4ec9143d450dfda4d668fec51bff2599c7224,4.989912398350383551
19181967,0x05ff47afada98a98982113758878f9a8b9fdda0a000000000000000000000645,0xc859bf9d7b8c557bbd229565124c2c09269f3aef,0xba8a8fbd6336e4c78a6d4a60395e29e36eeb46a7,4.789094182928269173
19181967,0x05ff47afada98a98982113758878f9a8b9fdda0a000000000000000000000645,0xc859bf9d7b8c557bbd229565124c2c09269f3aef,0xe394c410acadb7e0d352e467fe91262f1c3be1d1,4.778061693441365391
19181967,0x05ff47afada98a98982113758878f9a8b9fdda0a000000000000000000000645,0xc859bf9d7b8c557bbd229565124c2c09269f3aef,0x2529547879e92f4a4a42d76fa53f433363438296,4.573638814605760472
19181967,0x05ff47afada98a98982113758878f9a8b9fdda0a000000000000000000000645,0xc859bf9d7b8c557bbd229565124c2c09269f3aef,0x2a6d3ee95b0c4176dbef0e38ccf6fc62ec264d35,3.991908057926796455
19181967,0x05ff47afada98a98982113758878f9a8b9fdda0a000000000000000000000645,0xc859bf9d7b8c557bbd229565124c2c09269f3aef,0x03d0d021cff4fada9f1a4392393cf43079830d33,3.990701866254290592
19181967,0x05ff47afada98a98982113758878f9a8b9fdda0a000000000000000000000645,0xc859bf9d7b8c557bbd229565124c2c09269f3aef,0x9ac56a110122237cc03efa0b3eea277db13bf6d5,3.990011716879960337
19181967,0x05ff47afada98a98982113758878f9a8b9fdda0a000000000000000000000645,0xc859bf9d7b8c557bbd229565124c2c09269f3aef,0xfd747812561127b8b4df3efa18a0c236e2b7b991,3.987928813294528262
19181967,0x05ff47afada98a98982113758878f9a8b9fdda0a000000000000000000000645,0xc859bf9d7b8c557bbd229565124c2c09269f3aef,0xeba9a3fd1475f130003c09967745e7b9f8d34e17,3.491332655699057046
19181967,0x05ff47afada98a98982113758878f9a8b9fdda0a000000000000000000000645,0xc859bf9d7b8c557bbd229565124c2c09269f3aef,0x654c32f67da5eee4d6d79e43e2fed58c51a0d106,3.488415237376520338
19181967,0x05ff47afada98a98982113758878f9a8b9fdda0a000000000000000000000645,0xc859bf9d7b8c557bbd229565124c2c09269f3aef,0xb1e8f7dd4ba0ddacfa87a562444f8a8224799452,3.477122040171863267
19181967,0x05ff47afada98a98982113758878f9a8b9fdda0a000000000000000000000645,0xc859bf9d7b8c557bbd229565124c2c09269f3aef,0x82b7db2bf0ae6db3c10439a32c9b618429b7e23e,3.398931342187753818
19181967,0x05ff47afada98a98982113758878f9a8b9fdda0a000000000000000000000645,0xc859bf9d7b8c557bbd229565124c2c09269f3aef,0xc7a142aa3e3a0a615e4cc41ec55dbcbc1d9f3975,3.242672073558048933
19181967,0x05ff47afada98a98982113758878f9a8b9fdda0a000000000000000000000645,0xc859bf9d7b8c557bbd229565124c2c09269f3aef,0xb453665480a8c821278f68537d203fb8b164e777,2.996695996182311
19181967,0x05ff47afada98a98982113758878f9a8b9fdda0a000000000000000000000645,0xc859bf9d7b8c557bbd229565124c2c09269f3aef,0x0ffa5a266f8ad70ba093c01f34dbe677324aa4f9,2.986503064201737425
19181967,0x05ff47afada98a98982113758878f9a8b9fdda0a000000000000000000000645,0xc859bf9d7b8c557bbd229565124c2c09269f3aef,0x6850256fd7893463d602ae79cc27f86a31731b1c,2.860778387111098016
19181967,0x05ff47afada98a98982113758878f9a8b9fdda0a000000000000000000000645,0xc859bf9d7b8c557bbd229565124c2c09269f3aef,0x830467918947c98a47381c3f171a91b475596f2f,2.503523041213296564
19181967,0x05ff47afada98a98982113758878f9a8b9fdda0a000000000000000000000645,0xc859bf9d7b8c557bbd229565124c2c09269f3aef,0xb8bb5274d3827d65b935466c521a2bc83b17ad89,2.492629200671117988
19181967,0x05ff47afada98a98982113758878f9a8b9fdda0a000000000000000000000645,0xc859bf9d7b8c557bbd229565124c2c09269f3aef,0x71c15691e243be88220957c784053ef0e084440b,2.491355483249961888
19181967,0x05ff47afada98a98982113758878f9a8b9fdda0a000000000000000000000645,0xc859bf9d7b8c557bbd229565124c2c09269f3aef,0xfeade6d1a01b24346cce4658592b2779020b6427,2.382382384706704804
19181967,0x05ff47afada98a98982113758878f9a8b9fdda0a000000000000000000000645,0xc859bf9d7b8c557bbd229565124c2c09269f3aef,0x391ee0b872296bf858b493eddffcfaf20a3456ca,2.094025219361996879
19181967,0x05ff47afada98a98982113758878f9a8b9fdda0a000000000000000000000645,0xc859bf9d7b8c557bbd229565124c2c09269f3aef,0x71c1b6562556b2b7fc9929cb1d4c949248036320,2.090525980132468078
19181967,0x05ff47afada98a98982113758878f9a8b9fdda0a000000000000000000000645,0xc859bf9d7b8c557bbd229565124c2c09269f3aef,0x91c497190b8577e7890ca0019a2ebe3ae4f246b4,2.054299955048573478
19181967,0x05ff47afada98a98982113758878f9a8b9fdda0a000000000000000000000645,0xc859bf9d7b8c557bbd229565124c2c09269f3aef,0x56abaf385a1b47074cecce29528ab4094d87fa63,2.049756574858907448
19181967,0x05ff47afada98a98982113758878f9a8b9fdda0a000000000000000000000645,0xc859bf9d7b8c557bbd229565124c2c09269f3aef,0x2cb3a65f8b528ab4c1d51c9253a514f193a0046f,2.04518465818533797
19181967,0x05ff47afada98a98982113758878f9a8b9fdda0a000000000000000000000645,0xc859bf9d7b8c557bbd229565124c2c09269f3aef,0xe178d44ec55fc3f27d399094d43b44cd65e4666b,2.024167237886009783
19181967,0x05ff47afada98a98982113758878f9a8b9fdda0a000000000000000000000645,0xc859bf9d7b8c557bbd229565124c2c09269f3aef,0x3233c101a6238dcdd3b4d23604ebc0b34d5199b3,2.005189281893032801
19181967,0x05ff47afada98a98982113758878f9a8b9fdda0a000000000000000000000645,0xc859bf9d7b8c557bbd229565124c2c09269f3aef,0x92ce76ccb7e60ce8664c9a832365659c60a3a5cc,2.003817593117307463
19181967,0x05ff47afada98a98982113758878f9a8b9fdda0a000000000000000000000645,0xc859bf9d7b8c557bbd229565124c2c09269f3aef,0xa8c73ee57c268872b9d2d7a90e5f2e31af8493fb,2.003113697019083986
19181967,0x05ff47afada98a98982113758878f9a8b9fdda0a000000000000000000000645,0xc859bf9d7b8c557bbd229565124c2c09269f3aef,0x3ce3d1804a894730589aaf5ed275553470779664,1.995278726742148816
19181967,0x05ff47afada98a98982113758878f9a8b9fdda0a000000000000000000000645,0xc859bf9d7b8c557bbd229565124c2c09269f3aef,0x05d75222ced4e3e1d43f4dbcdd239b9bdcc346e8,1.994894403970016968
19181967,0x05ff47afada98a98982113758878f9a8b9fdda0a000000000000000000000645,0xc859bf9d7b8c557bbd229565124c2c09269f3aef,0xe72681aee64b958e1f9df7db9eea98d1296bc36c,1.99362820962428486
19181967,0x05ff47afada98a98982113758878f9a8b9fdda0a000000000000000000000645,0xc859bf9d7b8c557bbd229565124c2c09269f3aef,0xb530a1f6cb0c6552b266d2db959f95e59338a33e,1.993311172529504568
19181967,0x05ff47afada98a98982113758878f9a8b9fdda0a000000000000000000000645,0xc859bf9d7b8c557bbd229565124c2c09269f3aef,0x049b590c7cd80302dbb9d24cfc10e455d23ad795,1.967008383520967235
19181967,0x05ff47afada98a98982113758878f9a8b9fdda0a000000000000000000000645,0xc859bf9d7b8c557bbd229565124c2c09269f3aef,0x0dc69f398a6c1b6d1777ff4be17cdb97ca7e5786,1.909287551853558722
19181967,0x05ff47afada98a98982113758878f9a8b9fdda0a000000000000000000000645,0xc859bf9d7b8c557bbd229565124c2c09269f3aef,0xb6e14cd9f6fed43a4601c662454c3763dceec7b8,1.880856715691288034
19181967,0x05ff47afada98a98982113758878f9a8b9fdda0a000000000000000000000645,0xc859bf9d7b8c557bbd229565124c2c09269f3aef,0xf3f204e75740ae0301402ca8a16b85adb43936c5,1.74538105225502586
19181967,0x05ff47afada98a98982113758878f9a8b9fdda0a000000000000000000000645,0xc859bf9d7b8c557bbd229565124c2c09269f3aef,0x791b2f2ae169b5d5143d73b0c4b723b884335ebc,1.739986832083763922
19181967,0x05ff47afada98a98982113758878f9a8b9fdda0a000000000000000000000645,0xc859bf9d7b8c557bbd229565124c2c09269f3aef,0x1fe325a9da6668e34e09b82beafb91c058d10aec,1.496604621114088896
19181967,0x05ff47afada98a98982113758878f9a8b9fdda0a000000000000000000000645,0xc859bf9d7b8c557bbd229565124c2c09269f3aef,0x830b48ccc2b50c8a49756939f5ffde8e8afb4cf8,1.49399237937519024
19181967,0x05ff47afada98a98982113758878f9a8b9fdda0a000000000000000000000645,0xc859bf9d7b8c557bbd229565124c2c09269f3aef,0x0ae98a877fd56cd9e959b1f64e40ed93ff0d7031,1.395513118973969337
19181967,0x05ff47afada98a98982113758878f9a8b9fdda0a000000000000000000000645,0xc859bf9d7b8c557bbd229565124c2c09269f3aef,0xd7ab5e79d71a86a0fb22d36fe94aec08ee8ffd31,1.245863986045693406
19181967,0x05ff47afada98a98982113758878f9a8b9fdda0a000000000000000000000645,0xc859bf9d7b8c557bbd229565124c2c09269f3aef,0x56fab7449beb0dc7081e684025666ab2fba65562,1.107261228710881419
19181967,0x05ff47afada98a98982113758878f9a8b9fdda0a000000000000000000000645,0xc859bf9d7b8c557bbd229565124c2c09269f3aef,0x28849b0d0a126df896ff2f69ebe9b1373b16ccbe,1.104864664599340253
19181967,0x05ff47afada98a98982113758878f9a8b9fdda0a000000000000000000000645,0xc859bf9d7b8c557bbd229565124c2c09269f3aef,0x65cb5bff8bafe67cd9106b454843dbf233aacf7b,1.097189199049591913
19181967,0x05ff47afada98a98982113758878f9a8b9fdda0a000000000000000000000645,0xc859bf9d7b8c557bbd229565124c2c09269f3aef,0x168fc6735f2d16955ceefe3c326b58f2b709ad4f,1.096626849794576804
19181967,0x05ff47afada98a98982113758878f9a8b9fdda0a000000000000000000000645,0xc859bf9d7b8c557bbd229565124c2c09269f3aef,0x730e0e40b5053da12a830c6ea75037befdcfee53,1.096381856537300826
19181967,0x05ff47afada98a98982113758878f9a8b9fdda0a000000000000000000000645,0xc859bf9d7b8c557bbd229565124c2c09269f3aef,0x723b1137ad0c40005504973f22971e47ba476191,1.047512399884016484
19181967,0x05ff47afada98a98982113758878f9a8b9fdda0a000000000000000000000645,0xc859bf9d7b8c557bbd229565124c2c09269f3aef,0x7cde136e4f4a895907ac6a6abffde4d25baebf9c,1.026967185548806558
19181967,0x05ff47afada98a98982113758878f9a8b9fdda0a000000000000000000000645,0xc859bf9d7b8c557bbd229565124c2c09269f3aef,0x4765106f6e3140bd0309d12cb4705252c754dfe3,1.016935906198765139
19181967,0x05ff47afada98a98982113758878f9a8b9fdda0a000000000000000000000645,0xc859bf9d7b8c557bbd229565124c2c09269f3aef,0x7e7c9b6eb6782f2c88659008a7ea00b4beceeb4a,1.016598249311419434
19181967,0x05ff47afada98a98982113758878f9a8b9fdda0a000000000000000000000645,0xc859bf9d7b8c557bbd229565124c2c09269f3aef,0xcf1a9de438996dc8a6640b8f74d8d90faa4e8c2c,1.011423999087963176
19181967,0x05ff47afada98a98982113758878f9a8b9fdda0a000000000000000000000645,0xc859bf9d7b8c557bbd229565124c2c09269f3aef,0x2dcf3613f8b28c8ac645f58bd1d8ee1c539306a0,1.007775081975499927
19181967,0x05ff47afada98a98982113758878f9a8b9fdda0a000000000000000000000645,0xc859bf9d7b8c557bbd229565124c2c09269f3aef,0xd80267de5ed5de6f7d6c66986b17b138fe2e1220,1.007191811392389167
19181967,0x05ff47afada98a98982113758878f9a8b9fdda0a000000000000000000000645,0xc859bf9d7b8c557bbd229565124c2c09269f3aef,0x31f6391008693f1d88cd0c75a8e81b2d7ca922e5,1.0062972587604999
19181967,0x05ff47afada98a98982113758878f9a8b9fdda0a000000000000000000000645,0xc859bf9d7b8c557bbd229565124c2c09269f3aef,0xcde9bd3667aa3375295dfff641714ef641d377be,1.005998673916115249
